run,step,cells,steps,seconds,seconds_per_step
single,10,2,10,0.1785252084955573,0.01785252084955573
single,20,3,10,0.16094459034502506,0.016094459034502507
single,30,4,10,0.16984880436211824,0.016984880436211824
single,40,4,10,0.16433457378298044,0.016433457378298044
single,50,8,10,0.16704931389540434,0.016704931389540434
single,60,8,10,0.1772384224459529,0.01772384224459529
single,70,13,10,0.21844783052802086,0.021844783052802085
single,80,16,10,0.22113478649407625,0.022113478649407624
single,90,19,10,0.26323051284998655,0.026323051284998657
single,100,27,10,0.3182724043726921,0.031827240437269214
single,110,32,10,0.2833050610497594,0.02833050610497594
single,120,46,10,0.2927275812253356,0.02927275812253356
single,130,60,10,0.33275144919753075,0.03327514491975307
single,140,70,10,0.35429520066827536,0.035429520066827536
single,150,94,10,0.4003919633105397,0.040039196331053975
single,160,117,10,0.42897679191082716,0.04289767919108271
single,170,142,10,0.42595766577869654,0.042595766577869655
single,180,176,10,0.4706198638305068,0.04706198638305068
single,190,199,10,0.47210444137454033,0.04721044413745403
single,200,249,10,0.48528303019702435,0.048528303019702436
single,210,291,10,0.5708988942205906,0.05708988942205906
single,220,343,10,0.5701528917998075,0.057015289179980756
single,230,392,10,0.6024675974622369,0.06024675974622369
single,240,446,10,0.6913298582658172,0.06913298582658171
single,250,498,10,0.61791308876127,0.06179130887612701
single,260,557,10,0.6804136671125889,0.06804136671125889
single,270,611,10,0.7374225649982691,0.07374225649982691
single,280,704,10,0.722531633451581,0.0722531633451581
single,290,782,10,0.7663806909695268,0.07663806909695267
single,300,860,10,0.7692360505461693,0.07692360505461693
single,310,939,10,0.8317756336182356,0.08317756336182355
single,320,1018,10,0.8377782357856631,0.08377782357856631
single,330,1115,10,0.8377317730337381,0.08377317730337382
single,340,1192,10,0.9135826518759131,0.09135826518759131
single,350,1278,10,0.9102337649092078,0.09102337649092078
single,360,1400,10,0.9588227849453688,0.09588227849453687
single,370,1499,10,1.0445666974410415,0.10445666974410414
single,380,1599,10,1.0179030690342188,0.10179030690342188
single,390,1716,10,1.0188300386071205,0.10188300386071206
single,400,1823,10,1.0768876317888498,0.10768876317888498
single,410,1942,10,1.1410664869472384,0.11410664869472384
single,420,2065,10,1.1733885239809752,0.11733885239809752
single,430,2184,10,1.165174207650125,0.11651742076501251
single,440,2318,10,1.2044807225465775,0.12044807225465774
single,450,2451,10,1.2471954673528671,0.12471954673528671
single,460,2599,10,1.2597067784518003,0.12597067784518004
single,470,2740,10,1.3284272970631719,0.1328427297063172
single,480,2888,10,1.3627729853615165,0.13627729853615164
single,490,3038,10,1.4272995740175247,0.14272995740175248
single,500,3208,10,1.4195662746205926,0.14195662746205925
single,510,3352,10,1.476582933217287,0.1476582933217287
single,520,3495,10,1.502281271852553,0.1502281271852553
single,530,3666,10,1.6369347432628274,0.16369347432628273
single,540,3829,10,1.5982134407386184,0.15982134407386184
single,550,3988,10,1.7188533628359437,0.17188533628359437
single,560,4151,10,1.7521761814132333,0.17521761814132333
single,570,4335,10,1.8033318556845188,0.18033318556845188
single,580,4536,10,1.8358742566779256,0.18358742566779257
single,590,4717,10,1.9528556736186147,0.19528556736186148
single,600,4897,10,1.8816904556006193,0.18816904556006192
single,610,5122,10,2.049378897063434,0.2049378897063434
single,620,5309,10,2.0167003171518445,0.20167003171518444
single,630,5508,10,2.103573879227042,0.21035738792270423
single,640,5715,10,2.1760660372674465,0.21760660372674465
single,650,5926,10,2.1853468604385853,0.21853468604385853
single,660,6147,10,2.253450254909694,0.2253450254909694
single,670,6370,10,2.300891046412289,0.23008910464122892
single,680,6598,10,2.3689960185438395,0.23689960185438394
single,690,6795,10,2.379091115668416,0.2379091115668416
single,700,7024,10,2.4885426638647914,0.24885426638647914
single,710,7273,10,2.4944544602185488,0.24944544602185487
single,720,7516,10,2.6271938886493444,0.26271938886493446
single,730,7741,10,2.736194563098252,0.2736194563098252
single,740,8001,10,2.737344091758132,0.2737344091758132
single,750,8262,10,2.766711324453354,0.27667113244533537
single,760,8510,10,2.9119167840108275,0.29119167840108273
single,770,8762,10,2.8680475652217865,0.2868047565221786
single,780,9022,10,3.0310122575610876,0.30310122575610876
single,790,9312,10,3.1439746422693133,0.3143974642269313
single,800,9582,10,3.109321533702314,0.3109321533702314
single,810,9839,10,3.238835768774152,0.3238835768774152
single,820,10123,10,3.089622687548399,0.3089622687548399
single,830,10405,10,3.0879812026396394,0.3087981202639639
single,840,10684,10,3.1259488202631474,0.31259488202631475
single,850,10984,10,3.2293766643851995,0.32293766643851995
single,860,11278,10,3.294349673204124,0.3294349673204124
single,870,11581,10,3.314318443648517,0.33143184436485174
single,880,11864,10,3.4283811124041677,0.34283811124041674
single,890,12166,10,3.516894703730941,0.35168947037309406
single,900,12464,10,3.472849288955331,0.3472849288955331
single,910,12784,10,3.649251918308437,0.3649251918308437
single,920,13109,10,3.7599400728940964,0.3759940072894096
single,930,13438,10,3.81826077029109,0.381826077029109
single,940,13755,10,3.824844289571047,0.38248442895710466
single,950,14095,10,3.9948454601690173,0.39948454601690175
single,960,14425,10,3.970011303201318,0.3970011303201318
single,970,14751,10,4.161203338764608,0.4161203338764608
single,980,15131,10,4.2114228112623096,0.421142281126231
single,990,15471,10,4.316748220473528,0.4316748220473528
single,1000,15813,10,4.409909567795694,0.4409909567795694
single,1010,16153,10,4.501033429056406,0.4501033429056406
single,1020,16506,10,4.598347516730428,0.4598347516730428
single,1030,16849,10,4.60019804071635,0.460019804071635
single,1040,17241,10,4.80650957301259,0.48065095730125906
single,1050,17626,10,4.807500787079334,0.4807500787079334
single,1060,18002,10,5.023657097481191,0.5023657097481191
single,1070,18357,10,5.02797157689929,0.502797157689929
single,1080,18755,10,5.16790684312582,0.516790684312582
single,1090,19125,10,5.1122544296085835,0.5112254429608584
single,1100,19514,10,5.392789831385016,0.5392789831385016
single,1110,19906,10,5.377784011885524,0.5377784011885524
single,1120,20307,10,5.7422208450734615,0.5742220845073461
single,1130,20686,10,5.717647892422974,0.5717647892422975
single,1140,21103,10,5.720529571175575,0.5720529571175575
single,1150,21490,10,5.991550191305578,0.5991550191305578
single,1160,21948,10,5.9363168347626925,0.5936316834762693
single,1170,22371,10,6.2456803834065795,0.624568038340658
single,1180,22796,10,6.070482910610735,0.6070482910610735
single,1190,23222,10,6.384360085241497,0.6384360085241496
single,1200,23646,10,6.611204616725445,0.6611204616725445
single,1210,24076,10,6.445662064477801,0.6445662064477802
single,1220,24508,10,6.721451073884964,0.6721451073884964
single,1230,24950,10,6.784970155917108,0.6784970155917108
single,1240,25399,10,6.940156718716025,0.6940156718716025
single,1250,25874,10,7.163948022760451,0.7163948022760451
single,1260,26325,10,7.256031752564013,0.7256031752564013
single,1270,26783,10,7.234019560739398,0.7234019560739398
single,1280,27255,10,7.538162828423083,0.7538162828423083
single,1290,27759,10,7.6487642684951425,0.7648764268495143
single,1300,28228,10,7.771842820569873,0.7771842820569873
single,1310,28708,10,8.025971065275371,0.8025971065275371
single,1320,29145,10,8.173486673273146,0.8173486673273146
single,1330,29642,10,8.4089513765648,0.84089513765648
single,1340,30115,10,8.37936414591968,0.8379364145919681
single,1350,30597,10,8.513326360844076,0.8513326360844076
single,1360,31111,10,8.8840402495116,0.88840402495116
single,1370,31604,10,8.78455935139209,0.878455935139209
single,1380,32127,10,9.007281498983502,0.9007281498983503
single,1390,32630,10,9.079469081945717,0.9079469081945717
single,1400,33124,10,9.344211244024336,0.9344211244024336
single,1410,33626,10,9.488480815663934,0.9488480815663933
single,1420,34154,10,9.61368465051055,0.961368465051055
single,1430,34693,10,9.851023201830685,0.9851023201830685
single,1440,35199,10,10.092067001387477,1.0092067001387477
single,1450,35714,10,10.083578057587147,1.0083578057587146
single,1460,36252,10,10.134860929101706,1.0134860929101706
single,1470,36799,10,10.559282831847668,1.0559282831847667
single,1480,37310,10,10.736898281611502,1.0736898281611502
single,1490,37828,10,10.805079575628042,1.0805079575628043
single,1500,38385,10,11.004820770584047,1.1004820770584047
single,1510,38929,10,11.162181859835982,1.1162181859835982
single,1520,39516,10,11.185602544806898,1.1185602544806899
single,1530,40079,10,11.540491710416973,1.1540491710416974
single,1540,40632,10,11.668900154531002,1.1668900154531001
single,1550,41214,10,12.105398857034743,1.2105398857034744
single,1560,41782,10,12.20972575712949,1.220972575712949
single,1570,42349,10,12.267013377510011,1.2267013377510012
single,1580,42942,10,12.525258063338697,1.2525258063338698
single,1590,43514,10,12.576192078180611,1.257619207818061
single,1600,44125,10,13.244077962823212,1.3244077962823213
single,1610,44722,10,13.103033045306802,1.3103033045306802
single,1620,45291,10,13.27817996032536,1.327817996032536
single,1630,45889,10,13.642182900570333,1.3642182900570332
single,1640,46511,10,13.901527137495577,1.3901527137495577
single,1650,47126,10,13.933904378674924,1.3933904378674924
single,1660,47768,10,14.24817068874836,1.424817068874836
single,1670,48369,10,14.364372433163226,1.4364372433163226
single,1680,48950,10,14.887174354866147,1.4887174354866146
single,1690,49617,10,14.658554018475115,1.4658554018475116
single,1700,50253,10,14.720238086767495,1.4720238086767494
single,1710,50882,10,15.311627053655684,1.5311627053655683
single,1720,51540,10,15.245791595429182,1.5245791595429181
single,1730,52158,10,15.449331589974463,1.5449331589974462
single,1740,52811,10,15.664219323545694,1.5664219323545694
single,1750,53486,10,15.974182181060314,1.5974182181060315
single,1760,54126,10,16.152429175563157,1.6152429175563157
single,1770,54795,10,16.320197503082454,1.6320197503082454
single,1780,55409,10,16.77410605736077,1.677410605736077
single,1790,56121,10,16.774535552598536,1.6774535552598535
single,1800,56807,10,17.39741294272244,1.7397412942722439
single,1810,57455,10,16.954644340090454,1.6954644340090455
single,1820,58138,10,17.480836456641555,1.7480836456641555
single,1830,58815,10,17.461395390331745,1.7461395390331744
single,1840,59519,10,17.706697947345674,1.7706697947345673
single,1850,60219,10,17.999859157949686,1.7999859157949687
single,1860,60921,10,18.135832260362804,1.8135832260362803
single,1870,61576,10,18.331856792792678,1.8331856792792678
single,1880,62299,10,18.836944858543575,1.8836944858543574
single,1890,62980,10,19.170568683184683,1.9170568683184683
single,1900,63695,10,19.118310425430536,1.9118310425430536
single,1910,64445,10,19.529712758027017,1.9529712758027018
single,1920,65156,10,19.649278370663524,1.9649278370663523
single,1930,65878,10,19.9539931146428,1.9953993114642798
single,1940,66595,10,20.409665010869503,2.04096650108695
single,1950,67325,10,20.446963638998568,2.044696363899857
single,1960,68057,10,20.722501561045647,2.0722501561045648
single,1970,68853,10,20.38210494350642,2.038210494350642
single,1980,69572,10,21.127487366087735,2.1127487366087734
single,1990,70320,10,21.474422276951373,2.1474422276951373
single,2000,71068,10,21.363703845068812,2.1363703845068813
single,2010,71786,10,21.652479827404022,2.1652479827404023
single,2020,72533,10,22.196079732850194,2.2196079732850196
single,2030,73299,10,22.13177009858191,2.213177009858191
single,2040,74066,10,22.42572574224323,2.242572574224323
single,2050,74821,10,22.816756364889443,2.281675636488944
single,2060,75585,10,22.927353328093886,2.2927353328093885
single,2070,76346,10,23.14929646346718,2.314929646346718
single,2080,77133,10,23.44931946322322,2.3449319463223217
single,2090,77903,10,23.831049223430455,2.3831049223430454
single,2100,78684,10,24.061708093620837,2.4061708093620835
single,2110,79512,10,24.185129017569125,2.4185129017569125
single,2120,80299,10,24.629679054953158,2.462967905495316
single,2130,81027,10,24.644005744718015,2.4644005744718016
single,2140,81866,10,25.193318085744977,2.519331808574498
single,2150,82673,10,25.124534039758146,2.5124534039758144
single,2160,83498,10,25.487436990253627,2.548743699025363
single,2170,84366,10,26.017224504612386,2.6017224504612386
single,2180,85156,10,25.92628911882639,2.592628911882639
single,2190,85996,10,26.648518052883446,2.6648518052883445
single,2200,86809,10,26.552062745206058,2.655206274520606
single,2210,87649,10,27.068142320029438,2.7068142320029436
single,2220,88463,10,28.370083674788475,2.8370083674788473
single,2230,89348,10,28.00990565959364,2.8009905659593644
single,2240,90184,10,28.000192969106138,2.8000192969106137
single,2250,91026,10,28.17705011740327,2.817705011740327
single,2260,91849,10,28.479932783171535,2.8479932783171535
single,2270,92698,10,28.922577074728906,2.892257707472891
single,2280,93532,10,28.71522288862616,2.8715222888626157
single,2290,94401,10,29.17531772516668,2.917531772516668
single,2300,95315,10,29.507510650902987,2.950751065090299
single,2310,96166,10,29.76933733560145,2.976933733560145
single,2320,97099,10,30.36992976628244,3.0369929766282437
single,2330,97948,10,29.991014674305916,2.9991014674305916
single,2340,98824,10,30.44365629926324,3.044365629926324
single,2350,99703,10,31.42513143736869,3.142513143736869
single,2360,100000,10,30.2276665084064,3.02276665084064
single,2370,100000,10,29.435780960135162,2.9435780960135163
single,2380,100000,10,29.241198646835983,2.924119864683598
single,2390,100000,10,29.21863948740065,2.9218639487400653
single,2400,100000,10,29.078809529542923,2.9078809529542924
single,2410,100000,10,29.042983036488295,2.9042983036488295
single,2420,100000,10,29.43187932204455,2.943187932204455
single,2430,100000,10,29.364136307500303,2.9364136307500304
single,2440,100000,10,29.07970955967903,2.9079709559679032
single,2450,100000,10,28.981235567480326,2.8981235567480326
single,2454,100000,4,11.646243778988719,2.9115609447471797
two,10,2,10,0.6675168294459581,0.06675168294459581
two,20,3,10,0.6772088939324021,0.06772088939324021
two,30,4,10,0.7016131402924657,0.07016131402924657
two,40,4,10,0.7099782321602106,0.07099782321602106
two,50,8,10,0.7035169033333659,0.07035169033333659
two,60,8,10,0.777846927754581,0.0777846927754581
two,70,13,10,0.9353876290842891,0.09353876290842891
two,80,16,10,0.9530080379918218,0.09530080379918218
two,90,19,10,1.1278484286740422,0.11278484286740423
two,100,27,10,1.3932372964918613,0.13932372964918613
two,110,32,10,1.2723694806918502,0.127236948069185
two,120,46,10,1.1950685074552894,0.11950685074552894
two,130,60,10,1.4746213238686323,0.14746213238686323
two,140,70,10,1.6463989708572626,0.16463989708572627
two,150,94,10,1.8127449322491884,0.18127449322491884
two,160,117,10,1.8651029178872705,0.18651029178872705
two,170,142,10,1.9938662685453892,0.19938662685453892
two,180,176,10,2.137031188234687,0.21370311882346868
two,190,199,10,2.2151221791282296,0.22151221791282297
two,200,249,10,2.2895481567829847,0.22895481567829848
two,210,291,10,2.7871161671355367,0.27871161671355366
two,220,343,10,3.270890660583973,0.32708906605839727
two,230,393,10,2.9742063768208027,0.29742063768208027
two,240,447,10,3.254061471670866,0.3254061471670866
two,250,497,10,3.3707010839134455,0.33707010839134455
two,260,560,10,3.4267888804897666,0.34267888804897667
two,270,622,10,4.013272319920361,0.4013272319920361
two,280,697,10,4.5924161076545715,0.45924161076545716
two,290,785,10,3.8925855858251452,0.3892585585825145
two,300,853,10,3.984440521337092,0.3984440521337092
two,310,938,10,4.351683705113828,0.4351683705113828
two,320,1048,10,5.198168121278286,0.5198168121278286
two,330,1111,10,5.468253686092794,0.5468253686092794
two,340,1196,10,5.73092922475189,0.573092922475189
two,350,1296,10,5.155503645539284,0.5155503645539283
two,360,1393,10,6.04272536188364,0.6042725361883641
two,370,1494,10,5.972188443876803,0.5972188443876802
two,380,1602,10,6.402451469562948,0.6402451469562948
two,390,1703,10,6.554797085933387,0.6554797085933387
two,400,1834,10,6.671171489171684,0.6671171489171683
two,410,1952,10,7.153809456154704,0.7153809456154704
two,420,2063,10,7.725950911641121,0.7725950911641121
two,430,2191,10,8.381292358972132,0.8381292358972132
two,440,2328,10,7.54931678250432,0.7549316782504321
two,450,2459,10,7.927875022403896,0.7927875022403896
two,460,2611,10,8.762815376743674,0.8762815376743675
two,470,2759,10,9.463465230539441,0.9463465230539441
two,480,2916,10,9.403794206678867,0.9403794206678867
two,490,3041,10,10.688059631735086,1.0688059631735087
two,500,3186,10,10.737955276854336,1.0737955276854336
two,510,3369,10,10.882078389637172,1.0882078389637173
two,520,3525,10,13.10622766893357,1.310622766893357
two,530,3697,10,13.73493291810155,1.373493291810155
two,540,3863,10,13.098623766563833,1.3098623766563833
two,550,4013,10,14.75190225429833,1.475190225429833
two,560,4193,10,14.014696107245982,1.401469610724598
two,570,4362,10,14.49140315130353,1.449140315130353
two,580,4541,10,14.947767311707139,1.4947767311707139
two,590,4748,10,15.045134943909943,1.5045134943909944
two,600,4944,10,15.3502560229972,1.53502560229972
two,610,5140,10,16.604740378446877,1.6604740378446876
two,620,5330,10,16.318226008675992,1.6318226008675993
two,630,5553,10,17.423785934224725,1.7423785934224725
two,640,5765,10,18.125478067435324,1.8125478067435323
two,650,5974,10,19.957540126517415,1.9957540126517415
two,660,6194,10,17.746084617450833,1.7746084617450832
two,670,6414,10,20.421040242537856,2.042104024253786
two,680,6605,10,21.566781947389245,2.1566781947389244
two,690,6857,10,20.700442359782755,2.0700442359782754
two,700,7095,10,21.037264535203576,2.1037264535203577
two,710,7335,10,21.665364132262766,2.1665364132262765
two,720,7561,10,24.219246338121593,2.4219246338121594
two,730,7820,10,23.48382025025785,2.348382025025785
two,740,8068,10,24.155773052945733,2.4155773052945735
two,750,8287,10,24.8957938561216,2.48957938561216
two,760,8563,10,26.23604914639145,2.623604914639145
two,770,8818,10,27.829719816334546,2.7829719816334544
two,780,9069,10,29.236970335245132,2.923697033524513
two,790,9320,10,29.254768148995936,2.9254768148995938
two,800,9587,10,29.702345640398562,2.970234564039856
two,810,9839,10,29.42077516298741,2.942077516298741
two,820,10129,10,30.245789483189583,3.0245789483189585
two,830,10407,10,30.234212682582438,3.023421268258244
two,840,10712,10,29.732557456940413,2.973255745694041
two,850,10989,10,31.34348674491048,3.134348674491048
two,860,11297,10,33.32407250162214,3.332407250162214
two,870,11588,10,34.22910137753934,3.4229101377539335
two,880,11885,10,34.488863714039326,3.4488863714039324
two,890,12182,10,36.116052883677185,3.6116052883677185
two,900,12505,10,36.08451542444527,3.608451542444527
two,910,12800,10,36.375488807447255,3.6375488807447254
two,920,13121,10,39.23472178913653,3.923472178913653
two,930,13445,10,38.126295901834965,3.8126295901834966
two,940,13777,10,40.86299122963101,4.0862991229631005
two,950,14104,10,41.42807263601571,4.142807263601571
two,960,14394,10,41.24975787010044,4.124975787010044
two,970,14706,10,43.29936684202403,4.329936684202403
two,980,15056,10,43.99435219261795,4.399435219261795
two,990,15400,10,45.78640865907073,4.578640865907073
two,1000,15767,10,44.9671208653599,4.49671208653599
two,1010,16126,10,46.415537842549384,4.641553784254938
two,1020,16436,10,48.0028722807765,4.80028722807765
two,1030,16799,10,48.1318006683141,4.81318006683141
two,1040,17152,10,49.654216448776424,4.965421644877642
two,1050,17538,10,48.80296398606151,4.880296398606151
two,1060,17906,10,49.03709612414241,4.903709612414241
two,1070,18303,10,51.73195691499859,5.173195691499859
two,1080,18647,10,52.49981875624508,5.249981875624508
two,1090,19028,10,54.118333499878645,5.411833349987864
two,1100,19415,10,55.36321780644357,5.536321780644357
two,1110,19786,10,56.37403984274715,5.637403984274715
two,1120,20181,10,57.37836498953402,5.737836498953402
two,1130,20578,10,57.55000270716846,5.755000270716846
two,1140,20987,10,59.29348790086806,5.929348790086806
two,1150,21391,10,60.37644154205918,6.0376441542059185
two,1160,21800,10,61.76753059402108,6.176753059402108
two,1170,22203,10,62.77716682758182,6.277716682758182
two,1180,22615,10,64.35578557383269,6.435578557383269
two,1190,23035,10,65.07400147151202,6.507400147151202
two,1200,23482,10,66.49907880928367,6.649907880928367
two,1210,23925,10,65.62768774200231,6.562768774200231
two,1220,24328,10,68.31332738883793,6.831332738883793
two,1230,24765,10,69.27190690115094,6.927190690115094
two,1240,25181,10,70.40334875974804,7.040334875974804
two,1250,25609,10,71.66352954041213,7.166352954041213
two,1260,26067,10,71.74585717450827,7.174585717450827
two,1270,26528,10,73.7513631163165,7.37513631163165
two,1280,26992,10,75.21348337363452,7.5213483373634515
two,1290,27451,10,76.36450150050223,7.636450150050223
two,1300,27923,10,77.17793146241456,7.717793146241457
two,1310,28394,10,78.47408748138696,7.847408748138696
two,1320,28845,10,79.65727942530066,7.965727942530066
two,1330,29329,10,80.96480790060014,8.096480790060014
two,1340,29791,10,81.93273855280131,8.19327385528013
two,1350,30255,10,83.28344741929322,8.328344741929323
two,1360,30767,10,84.7575727486983,8.47575727486983
two,1370,31271,10,85.74855463765562,8.574855463765562
two,1380,31772,10,86.9906741315499,8.699067413154989
two,1390,32274,10,88.69799886085093,8.869799886085094
two,1400,32767,10,91.52522601187229,9.15252260118723
two,1410,33271,10,93.71501194313169,9.371501194313169
two,1420,33762,10,95.28613921068609,9.528613921068608
two,1430,34275,10,97.70018225628883,9.770018225628883
two,1440,34820,10,99.19785206019878,9.919785206019878
two,1450,35329,10,100.62918643746525,10.062918643746524
two,1460,35883,10,102.2122494187206,10.22122494187206
two,1470,36420,10,105.39090901333839,10.53909090133384
two,1480,36965,10,105.51449984591454,10.551449984591454
two,1490,37506,10,108.05989626795053,10.805989626795053
two,1500,38046,10,109.74787860363722,10.974787860363723
two,1510,38593,10,111.51391716022044,11.151391716022044
two,1520,39210,10,113.27995499502867,11.327995499502867
two,1530,39750,10,114.29025784973055,11.429025784973055
two,1540,40257,10,116.37613356113434,11.637613356113434
two,1550,40863,10,118.6885939957574,11.86885939957574
two,1560,41462,10,121.18101571314037,12.118101571314037
two,1570,42016,10,121.8278755042702,12.182787550427019
two,1580,42552,10,121.9374664472416,12.193746644724161
two,1590,43123,10,124.61169515829533,12.461169515829534
two,1600,43711,10,125.45878677256405,12.545878677256406
two,1610,44316,10,127.61633140780032,12.761633140780031
two,1620,44943,10,127.10241830907762,12.710241830907762
two,1630,45530,10,126.75514105800539,12.67551410580054
two,1640,46146,10,130.8637623321265,13.08637623321265
two,1650,46710,10,133.0194130046293,13.301941300462932
two,1660,47327,10,135.10889540892094,13.510889540892094
two,1670,47969,10,137.7928115595132,13.77928115595132
two,1680,48586,10,138.4571729497984,13.84571729497984
two,1690,49181,10,135.0526442732662,13.505264427326619
two,1700,49828,10,136.73702594731003,13.673702594731003
two,1710,50471,10,137.8282154481858,13.78282154481858
two,1720,51098,10,139.6966598564759,13.96966598564759
two,1730,51748,10,141.86349994316697,14.186349994316696
two,1740,52398,10,142.78683695290238,14.278683695290237
two,1750,53012,10,145.7917529270053,14.57917529270053
two,1760,53667,10,147.84006690699607,14.784006690699607
two,1770,54352,10,148.76131693739444,14.876131693739444
two,1780,54963,10,150.36044275481254,15.036044275481254
two,1790,55649,10,153.33349450677633,15.333349450677634
two,1800,56258,10,154.96779531333596,15.496779531333596
two,1810,56945,10,156.44138000160456,15.644138000160456
two,1820,57651,10,158.1904325922951,15.819043259229511
two,1830,58313,10,160.14482010994107,16.014482010994108
two,1840,58989,10,162.30757961329073,16.230757961329072
two,1850,59714,10,165.17198315355927,16.517198315355927
two,1860,60380,10,169.23071944061667,16.923071944061668
two,1870,61079,10,172.9363367445767,17.29363367445767
two,1880,61823,10,175.0602428689599,17.50602428689599
two,1890,62512,10,176.47375361714512,17.647375361714513
two,1900,63213,10,179.9612827450037,17.99612827450037
two,1910,63946,10,183.12009154912084,18.312009154912083
two,1920,64634,10,183.07068596966565,18.307068596966566
two,1930,65386,10,184.87949405889958,18.487949405889957
two,1940,66082,10,187.36884949170053,18.736884949170054
two,1950,66794,10,190.07293921429664,19.007293921429664
two,1960,67525,10,191.9666593056172,19.19666593056172
two,1970,68221,10,193.87975354120135,19.387975354120137
two,1980,68979,10,197.3444485589862,19.73444485589862
two,1990,69722,10,201.33812893461436,20.133812893461435
two,2000,70471,10,204.11332867480814,20.411332867480816
two,2010,71230,10,206.3462638417259,20.634626384172588
two,2020,71990,10,209.84520335868,20.984520335868
two,2030,72716,10,210.96829592436552,21.096829592436553
two,2040,73493,10,213.22104562353343,21.322104562353342
two,2050,74243,10,212.09599586669356,21.209599586669356
two,2060,75038,10,208.44691191520542,20.844691191520543
two,2070,75799,10,209.26185973454267,20.926185973454267
two,2080,76542,10,212.026312074624,21.2026312074624
two,2090,77328,10,212.59831793885678,21.259831793885677
two,2100,78130,10,214.9951155623421,21.49951155623421
two,2110,78907,10,217.36688092537224,21.736688092537225
two,2120,79720,10,221.24428812321275,22.124428812321277
two,2130,80563,10,223.3639577170834,22.33639577170834
two,2140,81366,10,225.1989755462855,22.51989755462855
two,2150,82180,10,249.86907468736172,24.98690746873617
two,2160,82968,10,252.17003967333585,25.217003967333586
two,2170,83791,10,256.8500869134441,25.68500869134441
two,2180,84602,10,259.108248074539,25.9108248074539
two,2190,85442,10,245.7885741731152,24.578857417311518
two,2200,86264,10,245.54475937131792,24.55447593713179
two,2210,87057,10,249.5336000462994,24.95336000462994
two,2220,87928,10,252.82195302378386,25.282195302378387
two,2230,88782,10,255.71691224630922,25.57169122463092
two,2240,89637,10,257.3675666311756,25.736756663117557
two,2250,90452,10,270.9909148244187,27.09909148244187
two,2260,91315,10,283.9168086796999,28.39168086796999
two,2270,92176,10,280.5419520325959,28.05419520325959
two,2280,93041,10,270.2824329100549,27.02824329100549
two,2290,93912,10,271.2055924469605,27.12055924469605
two,2300,94787,10,272.8463294832036,27.284632948320358
two,2310,95643,10,277.06049499381334,27.706049499381333
two,2320,96540,10,280.99114848673344,28.099114848673345
two,2330,97425,10,283.1479435469955,28.31479435469955
two,2340,98314,10,284.71504294965416,28.471504294965417
two,2350,99210,10,284.158732265234,28.4158732265234
two,2360,100000,10,289.16268042940646,28.916268042940647
two,2370,100000,10,281.51974050235003,28.151974050235005
two,2380,100000,10,281.1033038403839,28.110330384038388
two,2390,100000,10,287.1886989735067,28.718869897350668
two,2400,100000,10,287.60720253828913,28.760720253828914
two,2410,100000,10,288.99676069803536,28.899676069803537
two,2420,100000,10,289.04088125377893,28.904088125377893
two,2430,100000,10,289.1091196015477,28.91091196015477
two,2440,100000,10,284.5225464431569,28.45225464431569
two,2450,100000,10,284.3761310679838,28.43761310679838
two,2459,100000,9,254.99440206121653,28.33271134013517
